<?xml version="1.0" encoding="UTF-8"?>
<project-private xmlns="http://www.netbeans.org/ns/project-private/1">
    <editor-bookmarks xmlns="http://www.netbeans.org/ns/editor-bookmarks/2" lastBookmarkId="0"/>
    <open-files xmlns="http://www.netbeans.org/ns/projectui-open-files/2">
        <group>
            <file>file:/C:/xampp/htdocs/ProjectLaundry/ProjectLaundry/src/koneksi/koneksiDB.java</file>
            <file>file:/C:/xampp/htdocs/ProjectLaundry/ProjectLaundry/src/java/awt/print/Graphics2D.java</file>
            <file>file:/C:/xampp/htdocs/ProjectLaundry/ProjectLaundry/src/laundry/pembayaran.java</file>
            <file>file:/C:/xampp/htdocs/ProjectLaundry/ProjectLaundry/src/laundry/tgl.java</file>
            <file>file:/C:/xampp/htdocs/ProjectLaundry/ProjectLaundry/src/laundry/tanggal.java</file>
            <file>file:/C:/xampp/htdocs/ProjectLaundry/ProjectLaundry/src/laundry/tbl_pelanggan.java</file>
            <file>file:/C:/xampp/htdocs/ProjectLaundry/ProjectLaundry/src/laundry/home.java</file>
            <file>file:/C:/xampp/htdocs/ProjectLaundry/ProjectLaundry/src/laundry/id_pelanggan.java</file>
            <file>file:/C:/xampp/htdocs/ProjectLaundry/ProjectLaundry/src/laundry/MenuUtama.java</file>
            <file>file:/C:/xampp/htdocs/ProjectLaundry/ProjectLaundry/src/laundry/jmlh.java</file>
            <file>file:/C:/xampp/htdocs/ProjectLaundry/ProjectLaundry/src/laundry/model.java</file>
            <file>file:/C:/xampp/htdocs/ProjectLaundry/ProjectLaundry/src/laundry/pelanggan.java</file>
            <file>file:/C:/xampp/htdocs/ProjectLaundry/ProjectLaundry/src/laundry/login.java</file>
        </group>
    </open-files>
</project-private>
